user_id,name,city,age,gender
U0001,Allison Hill,Yogyakarta,62,Female
U0002,Noah Rhodes,Surabaya,32,Female
U0003,Angie Henderson,Jakarta,43,Female
U0004,Daniel Wagner,Bekasi,47,Male
U0005,Cristian Santos,Semarang,24,Female
U0006,Connie Lawrence,Medan,62,Male
U0007,Abigail Shaffer,Medan,41,Female
U0008,Gina Moore,Bandung,59,Female
U0009,Gabrielle Davis,Bekasi,40,Male
U0010,Ryan Munoz,Surabaya,62,Male
U0011,Monica Herrera,Yogyakarta,27,Female
U0012,Jamie Arnold,Bekasi,39,Female
U0013,Lisa Hensley,Tangerang,52,Female
U0014,Michele Williams,Surabaya,39,Male
U0015,Dylan Miller,Depok,62,Male
U0016,Brian Ramirez,Makassar,46,Female
U0017,Holly Wood,Jakarta,40,Male
U0018,Derek Zuniga,Jakarta,45,Female
U0019,Lisa Jackson,Surabaya,64,Female
U0020,Carla Gray,Medan,38,Female
U0021,Margaret Hawkins DDS,Medan,55,Male
U0022,Patty Perez,Tangerang,28,Male
U0023,Ethan Adams,Depok,32,Male
U0024,Tommy Walter,Jakarta,46,Male
U0025,Matthew Foster,Tangerang,62,Female
U0026,Judy Baker,Medan,44,Male
U0027,Justin Baker,Bekasi,63,Female
U0028,Stephanie Ross,Yogyakarta,31,Male
U0029,Zachary Hicks,Bekasi,59,Male
U0030,Anthony Rodriguez,Tangerang,56,Male
U0031,Rebecca Henderson,Makassar,39,Female
U0032,James Ferrell,Medan,45,Male
U0033,Tricia Valencia,Bogor,55,Male
U0034,Nathan Maldonado,Depok,20,Female
U0035,Debra Davidson,Semarang,39,Female
U0036,Jeffrey Chavez,Jakarta,38,Female
U0037,Sherri Baker,Bandung,33,Female
U0038,Cassandra Gaines,Bekasi,47,Female
U0039,Elizabeth Fowler,Makassar,57,Female
U0040,Brittany Farmer,Palembang,58,Male
U0041,Paula Moreno,Semarang,61,Female
U0042,Fred Smith,Bandung,40,Male
U0043,Sherry Decker,Medan,49,Female
U0044,Anthony Humphrey,Palembang,48,Male
U0045,Angelica Tucker,Surabaya,48,Male
U0046,Philip Cannon,Surabaya,63,Male
U0047,John Pierce,Makassar,33,Female
U0048,Shane Henderson,Surabaya,52,Female
U0049,Joshua Blair,Palembang,50,Female
U0050,Eric Carney,Palembang,30,Female
U0051,Jessica Holmes,Depok,62,Male
U0052,Danny Morgan,Semarang,25,Female
U0053,Crystal Robinson,Jakarta,38,Female
U0054,Mark Perez,Bekasi,52,Female
U0055,Shannon Jones,Bogor,62,Male
U0056,Michael Lewis,Tangerang,60,Female
U0057,Timothy Duncan,Surabaya,59,Female
U0058,Richard Aguirre,Makassar,41,Female
U0059,Brent Jordan,Surabaya,25,Female
U0060,John Daniel,Tangerang,35,Female
U0061,Victoria Garcia,Semarang,63,Female
U0062,Gerald Hensley,Yogyakarta,39,Female
U0063,Connor West,Depok,34,Male
U0064,Donald Wright,Palembang,32,Male
U0065,Jessica Callahan,Depok,29,Female
U0066,Amber Kidd,Medan,21,Male
U0067,Tracy House,Bekasi,22,Female
U0068,Carol Tucker,Surabaya,35,Male
U0069,James Brown,Jakarta,50,Female
U0070,William Baker,Yogyakarta,59,Female
U0071,Jordan Henderson,Medan,24,Female
U0072,Whitney Peters,Semarang,49,Female
U0073,Brittney Phillips,Surabaya,46,Male
U0074,Lauren Daniels,Medan,60,Female
U0075,Amy Silva,Surabaya,56,Male
U0076,Sarah Moore,Makassar,32,Male
U0077,Angela Lopez,Semarang,65,Female
U0078,Megan Young,Bogor,64,Male
U0079,Steve Sanchez,Yogyakarta,44,Female
U0080,Lisa Barnes,Palembang,51,Male
U0081,Kelly Donovan,Bandung,45,Female
U0082,Mike Allen,Palembang,35,Male
U0083,Michael Evans,Palembang,29,Male
U0084,Paul Jones,Medan,61,Female
U0085,Zachary Ferrell,Yogyakarta,64,Male
U0086,Daniel Baker,Semarang,20,Male
U0087,Shirley Suarez,Bekasi,26,Female
U0088,Christopher Bass,Yogyakarta,47,Female
U0089,Lisa Archer,Yogyakarta,34,Female
U0090,Aimee Montoya,Surabaya,31,Female
U0091,Matthew Mcmillan,Depok,64,Male
U0092,Brian Rodriguez,Yogyakarta,53,Female
U0093,Denise Jacobs,Bandung,49,Female
U0094,Christina Walters,Tangerang,23,Female
U0095,John Whitehead,Bekasi,55,Female
U0096,Anna Henderson,Medan,35,Male
U0097,Aaron Wise,Bandung,27,Male
U0098,Deborah Figueroa,Bogor,49,Male
U0099,Jessica Smith,Makassar,28,Female
U0100,Stephen Mckee,Semarang,49,Male
U0101,Sandra Aguilar,Yogyakarta,62,Male
U0102,Cameron Parker,Bekasi,53,Female
U0103,Rebecca Valencia,Tangerang,55,Male
U0104,Christine Wright,Medan,58,Male
U0105,Richard Henson,Yogyakarta,40,Female
U0106,Marc Moore,Palembang,48,Male
U0107,Sharon Cherry,Jakarta,59,Female
U0108,Sierra Johnson,Medan,52,Male
U0109,Evelyn Galvan,Jakarta,47,Male
U0110,Sharon Cochran,Palembang,55,Female
U0111,Richard Rodriguez,Makassar,48,Male
U0112,Shannon Walker,Semarang,30,Female
U0113,Julia Torres,Surabaya,50,Female
U0114,Crystal Johnson,Medan,48,Female
U0115,Garrett Lin,Depok,36,Female
U0116,Diana May,Bekasi,35,Male
U0117,William Herrera,Palembang,60,Male
U0118,Ashley Waller,Medan,37,Female
U0119,Victor Baker,Yogyakarta,53,Male
U0120,Jeffrey Chandler,Bogor,51,Male
U0121,Larry Dixon,Makassar,60,Male
U0122,Kenneth Scott,Yogyakarta,35,Male
U0123,April Frost,Bogor,37,Female
U0124,Michelle Harmon,Bandung,48,Male
U0125,Helen Jones,Semarang,24,Female
U0126,Erin Edwards,Bandung,65,Male
U0127,Michelle Evans,Medan,38,Male
U0128,Jason Powell,Bekasi,35,Female
U0129,Cameron Fisher,Tangerang,37,Female
U0130,Megan Orr,Tangerang,41,Female
U0131,Elizabeth Kelley,Semarang,40,Female
U0132,Dustin Jordan,Bekasi,54,Male
U0133,Mary Marshall,Depok,25,Female
U0134,Daniel Kennedy,Makassar,28,Female
U0135,Rebecca Jackson,Depok,29,Male
U0136,Jose Schultz,Makassar,34,Male
U0137,Robert Potter,Palembang,44,Female
U0138,Courtney Gonzalez,Medan,64,Female
U0139,David Alvarez,Bandung,29,Female
U0140,Angel Perry,Tangerang,65,Female
U0141,Cheyenne Horton,Bogor,33,Female
U0142,David Douglas Jr.,Surabaya,24,Female
U0143,Patricia Rodriguez,Jakarta,46,Female
U0144,Christopher Rubio,Surabaya,46,Male
U0145,Amber Wright,Bandung,41,Female
U0146,Joyce Solis,Yogyakarta,54,Female
U0147,Victoria Larson,Bandung,49,Male
U0148,Stephanie Salazar,Yogyakarta,46,Male
U0149,Kathy Rivas,Makassar,23,Female
U0150,Stephanie Manning,Depok,33,Female
U0151,David Wright,Surabaya,46,Female
U0152,Pamela Boyd,Makassar,44,Female
U0153,Denise Jones,Makassar,57,Male
U0154,Devon Flores,Depok,64,Female
U0155,Brenda Hall,Bogor,21,Female
U0156,Michelle Brown,Tangerang,56,Male
U0157,Joshua Perry,Semarang,44,Male
U0158,Jason Stein,Tangerang,50,Female
U0159,Melissa Gates,Jakarta,20,Female
U0160,Jamie Smith,Yogyakarta,42,Male
U0161,Paul Castaneda,Bekasi,39,Female
U0162,Jennifer Adkins,Surabaya,44,Male
U0163,Lindsey Walker,Yogyakarta,46,Male
U0164,Jeffrey Johnson,Tangerang,54,Female
U0165,Michael Powell,Semarang,54,Male
U0166,John Anderson,Yogyakarta,58,Male
U0167,Alyssa Long,Palembang,34,Male
U0168,Alyssa Day,Surabaya,51,Female
U0169,Joel Williams,Semarang,34,Female
U0170,Daniel Murphy,Makassar,37,Male
U0171,Jamie Walton,Bandung,47,Female
U0172,Darlene Miller,Bogor,51,Male
U0173,Joshua Cooke,Jakarta,21,Male
U0174,Matthew Harrington,Bekasi,44,Female
U0175,Nicole Herring,Bekasi,41,Female
U0176,Alex Hernandez,Semarang,62,Female
U0177,Michael Elliott,Tangerang,63,Male
U0178,Michael Wang,Bandung,45,Male
U0179,Lawrence Adkins,Tangerang,30,Male
U0180,Robert Oconnell,Surabaya,49,Female
U0181,Alexander Collins,Yogyakarta,28,Female
U0182,Tina Sanders,Semarang,59,Male
U0183,Angela Vaughn,Yogyakarta,54,Female
U0184,Ashley Barton,Tangerang,21,Female
U0185,Lindsay Martinez,Depok,45,Female
U0186,Dr. Hannah Patterson,Medan,57,Female
U0187,Jonathan Peterson,Bandung,56,Male
U0188,Samantha Garcia,Palembang,62,Female
U0189,Madison Poole,Bandung,21,Male
U0190,Jessica Gross,Tangerang,25,Male
U0191,Debra Morton,Tangerang,61,Male
U0192,Karen Graham,Jakarta,47,Female
U0193,Debra Christian,Depok,28,Female
U0194,Angelica Keith,Palembang,49,Male
U0195,John Bishop,Bogor,31,Female
U0196,Allen Rosales,Jakarta,23,Male
U0197,Daniel Salinas,Surabaya,36,Female
U0198,Spencer Haynes,Palembang,44,Male
U0199,Adam Vaughan,Semarang,40,Female
U0200,Nathan Freeman,Medan,33,Female
U0201,Melissa Brewer,Jakarta,49,Female
U0202,Ricky Davis II,Medan,40,Female
U0203,Elizabeth Perkins,Depok,41,Female
U0204,Joseph Coleman,Surabaya,44,Male
U0205,Erin Warner,Surabaya,37,Male
U0206,David Martinez,Bekasi,46,Female
U0207,Bryan Herrera,Bogor,36,Male
U0208,Cathy Robinson,Surabaya,25,Female
U0209,Dr. William Warren,Tangerang,50,Male
U0210,Brian Lee,Bandung,21,Male
U0211,Christopher Smith,Bandung,54,Female
U0212,Denise Mccann,Yogyakarta,23,Female
U0213,Melissa Martinez,Bogor,42,Female
U0214,Katherine Salas,Tangerang,34,Male
U0215,Julie Alexander,Bandung,61,Male
U0216,Anthony Everett,Semarang,24,Male
U0217,Rodney Morales,Tangerang,61,Male
U0218,Mark Brown,Depok,22,Female
U0219,Justin Torres,Makassar,21,Female
U0220,Bailey Duran DDS,Medan,35,Male
U0221,Courtney Mills,Tangerang,32,Male
U0222,Jeremy Dalton,Bekasi,21,Male
U0223,Elizabeth Oliver DDS,Bekasi,59,Male
U0224,Theresa Clark,Medan,29,Female
U0225,Matthew Moore,Bekasi,35,Female
U0226,Benjamin Smith,Semarang,28,Female
U0227,Kirk Carter,Makassar,50,Female
U0228,Michael Warner,Yogyakarta,62,Male
U0229,Michael Bradshaw,Yogyakarta,27,Female
U0230,Lori Guerrero,Palembang,56,Male
U0231,Jessica Stephens,Bogor,33,Female
U0232,Susan Serrano,Tangerang,49,Female
U0233,Christopher Parker,Bogor,64,Female
U0234,Laura Roberts,Surabaya,36,Male
U0235,Michael Lyons,Medan,43,Female
U0236,Kathryn Snyder,Medan,30,Male
U0237,Andrew Reynolds,Surabaya,58,Female
U0238,David Davis,Palembang,58,Female
U0239,Sara Johnston,Jakarta,65,Male
U0240,Yvonne Chambers,Depok,27,Female
U0241,Andrew Avila,Tangerang,30,Male
U0242,Matthew Moon,Medan,39,Female
U0243,Kevin Walters,Depok,26,Female
U0244,Brandon Bailey MD,Medan,57,Male
U0245,Shannon Rivera,Jakarta,21,Female
U0246,Donna Landry,Surabaya,39,Female
U0247,Krista Gibson,Bekasi,56,Male
U0248,Frank Cordova,Yogyakarta,63,Male
U0249,Jose Travis,Jakarta,44,Female
U0250,Kimberly Gutierrez,Medan,45,Male
U0251,Isaiah Avila,Surabaya,65,Male
U0252,Olivia Harris,Jakarta,32,Male
U0253,Tanya Kim,Palembang,24,Male
U0254,Barbara Dudley,Surabaya,57,Female
U0255,Cynthia Moore,Tangerang,64,Male
U0256,Kristen Davis,Medan,60,Male
U0257,Susan Murray MD,Semarang,35,Male
U0258,Kathleen Moran,Yogyakarta,26,Male
U0259,Denise Davenport,Bogor,64,Male
U0260,Mrs. Kristen Reyes,Medan,39,Male
U0261,Katie Suarez,Tangerang,63,Male
U0262,Desiree Tyler,Bandung,58,Female
U0263,Timothy Romero,Bekasi,27,Male
U0264,Diane Evans,Depok,56,Male
U0265,Yvonne Burns,Depok,22,Female
U0266,Joshua Reed,Bogor,42,Male
U0267,Kimberly Gibson,Medan,54,Male
U0268,Colin Terry,Bogor,47,Female
U0269,Cynthia Rowe,Makassar,62,Male
U0270,Patrick Thornton,Medan,43,Male
U0271,Jasmin Alvarado,Surabaya,24,Male
U0272,Veronica Simpson,Surabaya,52,Male
U0273,Jonathan Lawrence,Yogyakarta,61,Male
U0274,Shelly Alexander,Makassar,41,Female
U0275,Joyce Bowen,Palembang,20,Male
U0276,Matthew Moore,Makassar,46,Female
U0277,Wayne Morgan,Makassar,51,Male
U0278,Marie Christian,Bogor,26,Male
U0279,Shannon James,Bekasi,47,Female
U0280,Nathan Malone,Jakarta,43,Male
U0281,Amanda Jones,Yogyakarta,60,Male
U0282,Tammie Bright,Yogyakarta,49,Female
U0283,Jessica Garcia,Yogyakarta,65,Male
U0284,Shelia Wallace,Surabaya,29,Male
U0285,Stephanie Williams,Jakarta,47,Female
U0286,Elaine Brooks,Makassar,31,Female
U0287,Joseph Knight,Bekasi,53,Female
U0288,Carolyn Miller,Palembang,61,Male
U0289,Lisa Allen,Surabaya,37,Female
U0290,Briana Murray,Medan,59,Male
U0291,David Smith,Medan,54,Male
U0292,Stephanie Byrd,Medan,50,Female
U0293,Jeremy Reed,Tangerang,49,Female
U0294,Margaret Coleman,Bogor,47,Male
U0295,Ryan Gonzalez,Bandung,57,Male
U0296,John Young,Makassar,37,Female
U0297,Laura Haney,Bandung,40,Female
U0298,William Barrett,Semarang,35,Female
U0299,Keith Jennings,Bogor,25,Male
U0300,Amber Obrien,Medan,37,Female
U0301,Tanner Mitchell DDS,Surabaya,48,Female
U0302,Heather Fields,Bogor,35,Male
U0303,Megan Le,Tangerang,49,Male
U0304,Sara Fuller,Surabaya,56,Female
U0305,Maria Parker,Jakarta,59,Male
U0306,Kevin Oconnor,Yogyakarta,62,Male
U0307,Edward Burgess,Tangerang,44,Male
U0308,Carlos Ryan,Jakarta,41,Female
U0309,Kiara Mcintyre,Surabaya,21,Female
U0310,Dawn Summers,Medan,51,Female
U0311,Dr. Paul Morgan,Bandung,40,Female
U0312,Victor Taylor,Makassar,31,Female
U0313,Shannon Ramsey,Bogor,51,Female
U0314,Tracy Ballard,Bogor,33,Male
U0315,Richard Smith,Medan,42,Male
U0316,Jordan Chambers,Makassar,36,Male
U0317,Lauren Carson,Jakarta,41,Female
U0318,Ashley Hall,Bandung,37,Female
U0319,Stephen Hoffman,Makassar,58,Male
U0320,Connie Brown,Jakarta,64,Female
U0321,Susan Turner,Makassar,37,Female
U0322,Charles Shah,Semarang,55,Female
U0323,Johnathan Davis,Bogor,20,Female
U0324,Brandy Chavez,Semarang,53,Female
U0325,Natalie Bautista,Makassar,32,Male
U0326,Patrick Moore,Bekasi,25,Female
U0327,Brett Burns,Bekasi,35,Female
U0328,Trevor Johnson,Tangerang,46,Female
U0329,Jeremy Sampson,Yogyakarta,51,Female
U0330,Ariana Jennings,Bekasi,55,Female
U0331,Vanessa Howard,Bogor,35,Male
U0332,Colton Martinez,Bandung,64,Female
U0333,Jordan Bates,Medan,50,Male
U0334,Linda Smith,Semarang,61,Male
U0335,Dana Martinez,Medan,65,Male
U0336,Andrea Hubbard,Jakarta,51,Male
U0337,Daniel Kane,Depok,48,Female
U0338,Charles Lester,Bekasi,21,Male
U0339,Scott Thomas,Tangerang,25,Female
U0340,David Thompson,Jakarta,38,Male
U0341,Allison Smith,Bekasi,34,Male
U0342,Cynthia Morris,Palembang,45,Female
U0343,Anthony Harmon,Jakarta,64,Male
U0344,Nichole Alvarez,Jakarta,35,Female
U0345,Kayla Rodriguez,Depok,39,Female
U0346,Theresa Williams,Bogor,62,Female
U0347,Sharon Boyd,Tangerang,57,Male
U0348,Victor Brown,Tangerang,43,Female
U0349,James Parks,Bandung,50,Female
U0350,Theodore Jones Jr.,Jakarta,55,Female
U0351,Ana Hill,Tangerang,53,Male
U0352,Kimberly Nguyen,Surabaya,42,Male
U0353,Kerry Chavez DDS,Bandung,47,Male
U0354,Michael Farrell,Surabaya,55,Female
U0355,Patricia Le,Depok,41,Male
U0356,Jesse Perez,Surabaya,42,Male
U0357,Jesse Perry,Yogyakarta,64,Female
U0358,Jeffery Ortega,Medan,49,Female
U0359,Christian Leblanc,Makassar,37,Male
U0360,Ronald Davis,Surabaya,39,Female
U0361,Parker Cain,Depok,36,Male
U0362,Laurie Hoffman,Medan,34,Female
U0363,Bryan Gomez,Depok,27,Male
U0364,Nicole Parrish,Depok,32,Female
U0365,Tracy Burke,Jakarta,40,Male
U0366,Kenneth Lewis,Depok,27,Male
U0367,Courtney Rodriguez,Surabaya,54,Female
U0368,Holly Farmer,Makassar,64,Female
U0369,Renee Bruce,Yogyakarta,31,Female
U0370,Sabrina Austin,Depok,32,Female
U0371,Allison Hickman,Depok,33,Male
U0372,Debra White,Tangerang,50,Male
U0373,Ellen Morgan,Palembang,37,Male
U0374,Sergio Knight,Semarang,57,Female
U0375,Charles Schultz,Medan,53,Male
U0376,Paul Lewis,Yogyakarta,58,Male
U0377,Glen Wood,Bekasi,38,Male
U0378,Paula Bradley,Palembang,26,Male
U0379,Anthony Moore,Medan,32,Male
U0380,Megan Nelson,Semarang,38,Female
U0381,Karla Ramos,Makassar,34,Female
U0382,Paul Wilson,Bandung,43,Female
U0383,Douglas Gregory,Yogyakarta,31,Female
U0384,Mr. Andrew Foster,Yogyakarta,39,Male
U0385,Aimee Turner,Semarang,20,Female
U0386,Chad Scott,Bogor,65,Female
U0387,Adam Burgess,Palembang,54,Female
U0388,James Padilla,Surabaya,28,Male
U0389,Sandra Drake,Jakarta,37,Male
U0390,Scott Williams,Bogor,22,Male
U0391,Thomas Atkins,Depok,23,Male
U0392,Laura Mckinney,Depok,55,Male
U0393,Brian Smith,Surabaya,38,Male
U0394,Robert Montgomery,Surabaya,64,Female
U0395,Tamara Davis,Tangerang,28,Female
U0396,Dana Chapman,Medan,60,Female
U0397,Jennifer Collins,Tangerang,51,Female
U0398,Gary Jackson,Semarang,26,Female
U0399,Ashley Hicks,Bandung,20,Female
U0400,Hannah Luna,Palembang,56,Female
U0401,Robin Young,Surabaya,38,Male
U0402,Craig Morrison,Medan,50,Male
U0403,Mary Thompson,Palembang,50,Female
U0404,Kathleen Webster,Semarang,48,Female
U0405,Joann Glass,Bandung,41,Male
U0406,Madison Weber,Bogor,31,Female
U0407,Lori Hernandez,Tangerang,23,Female
U0408,Jeremy Turner,Bekasi,36,Female
U0409,Anthony Romero,Semarang,50,Male
U0410,Jesse Brown,Depok,27,Male
U0411,Angela Lin,Yogyakarta,24,Female
U0412,Lisa Hunter,Tangerang,45,Male
U0413,Julian Conner,Jakarta,51,Male
U0414,Joanna Pacheco,Yogyakarta,24,Male
U0415,Erica Alvarez,Tangerang,56,Female
U0416,Antonio Garcia,Semarang,60,Male
U0417,Gwendolyn Klein,Yogyakarta,63,Male
U0418,Carrie Wright,Surabaya,23,Female
U0419,Jeffrey Mills,Bandung,29,Female
U0420,Jake Campbell,Semarang,29,Female
U0421,George Harper,Surabaya,56,Male
U0422,Maria Jones,Surabaya,39,Male
U0423,Michael Mitchell,Bekasi,25,Female
U0424,Mary Escobar,Tangerang,35,Female
U0425,Felicia Aguilar,Bandung,27,Male
U0426,Gregory Ponce,Semarang,55,Male
U0427,Jenna Larson,Semarang,46,Female
U0428,Emily Bennett,Depok,58,Male
U0429,Robin Santiago,Medan,58,Female
U0430,Nancy Jennings,Bekasi,59,Male
U0431,Maria Henderson,Palembang,34,Female
U0432,Jack White,Medan,53,Male
U0433,Travis Tucker,Yogyakarta,44,Female
U0434,Chad Jones,Yogyakarta,48,Male
U0435,Ashley Wise,Semarang,48,Female
U0436,Sophia Johnson,Tangerang,39,Male
U0437,Ralph Anderson,Bogor,57,Female
U0438,Christopher Guerra,Semarang,47,Female
U0439,Rhonda Martin,Jakarta,39,Female
U0440,Jason Rhodes,Surabaya,56,Female
U0441,Jeremy Mitchell,Yogyakarta,59,Female
U0442,Joann Ferguson,Makassar,23,Male
U0443,Robert Harrison,Semarang,59,Female
U0444,Holly Valentine,Jakarta,26,Male
U0445,Mrs. Diane Reyes,Jakarta,33,Female
U0446,Tracy Montoya,Palembang,60,Male
U0447,Brenda Wright,Bandung,33,Female
U0448,Shelly Spencer,Yogyakarta,36,Female
U0449,Ryan Rosales,Semarang,62,Male
U0450,Phillip Nelson,Bandung,25,Female
U0451,Brittany Kim,Bekasi,30,Male
U0452,Courtney Hayes,Bogor,35,Male
U0453,Alexander Brown,Tangerang,31,Female
U0454,Cynthia Vang,Bekasi,55,Female
U0455,Alfred Galvan,Makassar,24,Male
U0456,Marie Moody,Tangerang,30,Female
U0457,Dustin Gallegos,Jakarta,20,Female
U0458,Brenda Thornton,Surabaya,46,Female
U0459,Aaron Miller,Surabaya,48,Male
U0460,Ruben Dunn,Bekasi,64,Female
U0461,Kelsey Rodriguez,Bandung,58,Male
U0462,Eric Williams,Tangerang,50,Male
U0463,Riley Bryant,Jakarta,38,Male
U0464,Taylor Carlson,Palembang,22,Male
U0465,Jose Allen,Depok,34,Female
U0466,Jeffrey Mendez,Tangerang,38,Female
U0467,Jason Beck,Bandung,65,Male
U0468,William Jones,Makassar,38,Male
U0469,Katie Mcneil,Bandung,64,Male
U0470,Jeanette Harrison,Jakarta,49,Male
U0471,Veronica King,Semarang,24,Female
U0472,Richard Cooper,Palembang,63,Male
U0473,Lori Ingram,Jakarta,34,Male
U0474,Evelyn Williams,Palembang,36,Male
U0475,Robin Thompson,Medan,60,Male
U0476,Julie Dominguez,Yogyakarta,57,Male
U0477,Robin Brown,Medan,62,Female
U0478,Judith Carter,Yogyakarta,32,Female
U0479,Curtis Williams,Surabaya,47,Female
U0480,Kaylee Hays,Palembang,27,Female
U0481,Dawn Mullins,Tangerang,54,Female
U0482,Howard Norman,Makassar,34,Male
U0483,Evelyn Martinez,Depok,61,Female
U0484,Steve Paul,Bekasi,29,Male
U0485,Jasmine Beltran,Bandung,37,Female
U0486,Jonathan Glass MD,Medan,29,Female
U0487,Monica Miller,Bandung,24,Female
U0488,Samantha Gardner,Bandung,23,Female
U0489,Bobby Guerrero,Makassar,30,Male
U0490,Lance Simmons,Jakarta,39,Female
U0491,Heather Williams,Bandung,58,Male
U0492,Heather Bolton,Bekasi,56,Female
U0493,William Gould,Palembang,38,Female
U0494,Mark Cox,Makassar,48,Female
U0495,Meghan Cisneros,Yogyakarta,27,Male
U0496,Lawrence Harrington,Bekasi,49,Male
U0497,Austin Osborne,Medan,64,Female
U0498,James Bradley,Semarang,39,Female
U0499,Meghan Rush,Bandung,64,Male
U0500,Phillip Berry,Bekasi,45,Male
U0501,Jennifer Banks,Surabaya,37,Female
U0502,Brian Fitzgerald,Makassar,52,Female
U0503,Mr. Justin Green III,Jakarta,54,Male
U0504,Zachary Mitchell,Bogor,51,Female
U0505,Katherine Martinez,Medan,48,Male
U0506,Jodi Roach,Medan,25,Female
U0507,Brandon Fleming,Bogor,58,Female
U0508,Emma Reed,Palembang,22,Male
U0509,Joshua Vance,Semarang,47,Male
U0510,Michelle Ho,Medan,40,Female
U0511,Rebecca Hicks,Medan,58,Male
U0512,Curtis Taylor,Jakarta,36,Female
U0513,Allison Spencer,Yogyakarta,21,Male
U0514,Robert Arnold,Medan,25,Male
U0515,Angelica Parker,Makassar,34,Male
U0516,Dr. Kelly Hammond DVM,Palembang,63,Male
U0517,William Day,Semarang,56,Female
U0518,Michael Cooper,Surabaya,57,Female
U0519,Penny Bowman,Semarang,21,Male
U0520,Vincent Reynolds,Palembang,63,Female
U0521,Amy Martinez,Yogyakarta,37,Female
U0522,Christopher Morris,Tangerang,56,Female
U0523,Hannah Everett,Makassar,22,Female
U0524,Sarah King,Yogyakarta,31,Female
U0525,Krista Martinez,Tangerang,50,Female
U0526,Joseph Shaw,Palembang,53,Male
U0527,Todd Moore,Jakarta,61,Female
U0528,Michelle Jacobs,Surabaya,48,Male
U0529,Kristy Bryan,Semarang,37,Female
U0530,Angel May,Bandung,31,Male
U0531,Marilyn Wang,Depok,57,Female
U0532,Mark Jimenez,Semarang,47,Female
U0533,Donna Frye,Jakarta,60,Female
U0534,Dr. Michael Evans,Surabaya,51,Male
U0535,Anthony Gonzales,Depok,25,Female
U0536,Mr. Lawrence Edwards,Makassar,50,Male
U0537,Morgan Valencia,Palembang,42,Male
U0538,Bianca Wood,Bekasi,46,Female
U0539,Emma Owens,Palembang,41,Female
U0540,David Davis,Makassar,40,Female
U0541,James Gilbert,Depok,62,Male
U0542,Sean Moore,Tangerang,26,Male
U0543,Kenneth Edwards,Surabaya,30,Female
U0544,Kathleen Robertson,Makassar,41,Female
U0545,Mr. Alexander Landry MD,Depok,46,Female
U0546,Cindy Gomez,Medan,64,Male
U0547,Johnny Khan,Semarang,51,Male
U0548,Julie Herrera,Jakarta,38,Female
U0549,Jessica Khan,Bekasi,62,Female
U0550,Pamela Diaz,Makassar,45,Male
U0551,Kelly Lee,Jakarta,55,Female
U0552,Angel Gordon,Tangerang,22,Female
U0553,Diana Hays,Tangerang,49,Male
U0554,Barbara Hester,Yogyakarta,25,Male
